mse,rmse,mae,r2,direction_accuracy
1.27525754578528e-05,0.0035710748322952852,0.0025755029637366533,0.33667200803756714,76.0
